{"comments":{"lineComment":"//","blockComment":["/*","*/"]},"brackets":[["{","}"],["[","]"],["(",")"]],"autoClosingPairs":[{"open":"[","close":"]"},{"open":"{","close":"}"},{"open":"(","close":")"},{"open":"'","close":"'","notIn":["string","comment"]},{"open":"\"","close":"\"","notIn":["string"]},{"open":"/*","close":"*/","notIn":["string","comment"]},{"open":"/**","close":" */","notIn":["string"]}],"surroundingPairs":[["{","}"],["[","]"],["(",")"],["\"","\""],["'","'"],["<",">"]],"wordPattern":"(-?\\d*\\.\\d\\w*)|([^\\`\\~\\!\\@\\#\\%\\^\\&\\*\\(\\)\\-\\=\\+\\[\\{\\]\\}\\\\\\|\\;\\:\\'\\\"\\,\\.\\<\\>\\/\\?\\s]+)","folding":{"markers":{"start":"^\\s*#pragma\\s+region\\b","end":"^\\s*#pragma\\s+endregion\\b"}},"onEnterRules":[{"previousLineText":"^\\s*(((else ?)?if|for|while)\\s*\\(.*\\)\\s*|else\\s*)$","beforeText":"^\\s+([^{i\\s]|i(?!f\\b))","action":{"indent":"outdent"}}]}